subj_idx,valence,matchness,condition,rt_m,sd,var
1,Bad,match,image_first,619.25,52.77322067595288,2785.0128205128203
1,Bad,match,simultaneous,683.6923076923077,61.524985872730404,3785.323886639676
1,Bad,match,word_first,606,61.11359746301796,3734.871794871795
1,Bad,mismatch,image_first,723.45,93.73994305031832,8787.176923076922
1,Bad,mismatch,simultaneous,745.1282051282051,59.63758064879079,3556.641025641026
1,Bad,mismatch,word_first,681.925,119.00105310889329,14161.250641025641
1,Good,match,image_first,609.075,107.35954151283507,11526.071153846155
1,Good,match,simultaneous,644.5641025641025,61.52055491835951,3784.778677462888
1,Good,match,word_first,548.875,39.72997802473787,1578.4711538461538
1,Good,mismatch,image_first,696.325,94.71587403847253,8971.096794871795
1,Good,mismatch,simultaneous,793.175,108.12051383905143,11690.045512820512
1,Good,mismatch,word_first,661.025,71.32536050579802,5087.307051282051
1,Neutral,match,image_first,652.6666666666666,60.60021423157084,3672.3859649122805
1,Neutral,match,simultaneous,673.35,53.397661525672234,2851.3102564102564
1,Neutral,match,word_first,606.6410256410256,78.45363604987786,6154.973009446694
1,Neutral,mismatch,image_first,679.225,70.05766397797804,4908.076282051282
1,Neutral,mismatch,simultaneous,754.8717948717949,69.54634179610005,4836.693657219973
1,Neutral,mismatch,word_first,629.225,53.530957973293,2865.5634615384615
2,Bad,match,image_first,596.925,156.42486317882083,24468.73782051282
2,Bad,match,simultaneous,720.6285714285714,126.59223229452479,16025.593277310925
2,Bad,match,word_first,586.1764705882352,146.76273794043172,21539.301247771837
2,Bad,mismatch,image_first,717.2352941176471,163.67800222860504,26790.48841354724
2,Bad,mismatch,simultaneous,818.3243243243244,137.40977930062854,18881.44744744745
2,Bad,mismatch,word_first,738.0588235294117,187.10472536288182,35008.17825311943
2,Good,match,image_first,636.7435897435897,163.9835867827724,26890.61673414305
2,Good,match,simultaneous,751.5428571428571,129.8010565662479,16848.314285714285
2,Good,match,word_first,696.1052631578947,196.94419424605076,38787.01564722617
2,Good,mismatch,image_first,741.53125,162.33696225603128,26353.28931451613
2,Good,mismatch,simultaneous,860.3793103448276,141.105941403994,19910.886699507388
2,Good,mismatch,word_first,701.2222222222222,175.57911504796246,30828.02564102564
2,Neutral,match,image_first,661.918918918919,171.4090912891629,29381.076576576575
2,Neutral,match,simultaneous,710.0571428571428,134.75488485244844,18158.878991596637
2,Neutral,match,word_first,565.7435897435897,86.83823980273775,7540.879892037787
2,Neutral,mismatch,image_first,689.5277777777778,138.8883387290691,19289.970634920635
2,Neutral,mismatch,simultaneous,826.3142857142857,158.85042380446185,25233.457142857143
2,Neutral,mismatch,word_first,748.5483870967741,173.71218316699944,30175.92258064516
3,Bad,match,image_first,708.9375,125.68674257082374,15797.157258064517
3,Bad,match,simultaneous,726,79.07022195491803,6252.1
3,Bad,match,word_first,640.4516129032259,129.29368087411888,16716.855913978496
3,Bad,mismatch,image_first,642.9736842105264,98.2012513934977,9643.485775248933
3,Bad,mismatch,simultaneous,726.475,107.1722762419078,11485.896794871795
3,Bad,mismatch,word_first,656.921052631579,149.12979682667284,22239.696301564723
3,Good,match,image_first,592.05,182.4085229115384,33272.86923076923
3,Good,match,simultaneous,629.1794871794872,91.19726213424791,8316.940620782727
3,Good,match,word_first,580.5,120.54364947425239,14530.771428571428
3,Good,mismatch,image_first,625.8947368421053,110.86655954617042,12291.394025604552
3,Good,mismatch,simultaneous,734.5675675675676,125.6716490039156,15793.363363363364
3,Good,mismatch,word_first,631.3939393939394,107.26629811884631,11506.058712121212
3,Neutral,match,image_first,616.5405405405405,105.10460255135109,11046.977477477478
3,Neutral,match,simultaneous,654.078947368421,82.87450022806297,6868.182788051209
3,Neutral,match,word_first,561.4285714285714,102.94409839790713,10597.487394957983
3,Neutral,mismatch,image_first,676.5405405405405,133.30178680860345,17769.366366366365
3,Neutral,mismatch,simultaneous,744.05,108.79266330844001,11835.84358974359
3,Neutral,mismatch,word_first,658.0571428571428,106.8726407671197,11421.761344537816
4,Bad,match,image_first,927.4857142857143,195.1610754688323,38087.84537815126
4,Bad,match,simultaneous,953.918918918919,202.78962530694741,41123.63213213213
4,Bad,match,word_first,723.4,150.03829396248284,22511.489655172412
4,Bad,mismatch,image_first,844.9714285714285,185.5304772353946,34421.55798319328
4,Bad,mismatch,simultaneous,960.6,177.20231043507704,31400.65882352941
4,Bad,mismatch,word_first,798.625,164.8917044412738,27189.274193548386
4,Good,match,image_first,802.6571428571428,169.49127044276506,28727.290756302522
4,Good,match,simultaneous,935,199.3294641896116,39732.23529411765
4,Good,match,word_first,735.9473684210526,139.96581578186232,19590.42958748222
4,Good,mismatch,image_first,859.0555555555555,218.38131061379045,47690.39682539683
4,Good,mismatch,simultaneous,939.1621621621622,159.483456737597,25434.972972972973
4,Good,mismatch,word_first,822.7428571428571,206.9660874262685,42834.96134453781
4,Neutral,match,image_first,805.3055555555555,184.00307752774827,33857.13253968254
4,Neutral,match,simultaneous,853.2857142857143,212.25741467386626,45053.21008403361
4,Neutral,match,word_first,741.0571428571428,135.35572802524354,18321.173109243697
4,Neutral,mismatch,image_first,936.3783783783783,207.79575326525583,43179.075075075074
4,Neutral,mismatch,simultaneous,946.4736842105264,183.33394973817667,33611.33712660029
4,Neutral,mismatch,word_first,797.3030303030303,169.80199587469608,28832.717803030304
5,Bad,match,image_first,682.2307692307693,215.29068006552657,46350.07692307692
5,Bad,match,simultaneous,794.1944444444445,183.44447496947242,33651.875396825395
5,Bad,match,word_first,721.75,202.49111091601034,41002.65
5,Bad,mismatch,image_first,756.1142857142858,152.14114410997584,23146.927731092437
5,Bad,mismatch,simultaneous,900.1666666666666,215.7674012184682,46555.57142857143
5,Bad,mismatch,word_first,755.8333333333334,207.30701869449572,42976.2
5,Good,match,image_first,709.475,257.1490625777496,66125.64038461538
5,Good,match,simultaneous,746.4,172.35931461146313,29707.733333333334
5,Good,match,word_first,719.175,208.56418645538085,43499.01987179487
5,Good,mismatch,image_first,759.3636363636364,149.11422177768168,22235.051136363636
5,Good,mismatch,simultaneous,866.1282051282051,196.3663573242599,38559.74628879892
5,Good,mismatch,word_first,704.4736842105264,148.02058601207145,21910.09388335704
5,Neutral,match,image_first,696.7631578947369,212.01688283241594,44951.15860597439
5,Neutral,match,simultaneous,733.4358974358975,174.97425297391237,30615.989203778678
5,Neutral,match,word_first,592.5384615384615,111.87301216201533,12515.57085020243
5,Neutral,mismatch,image_first,742.3947368421053,169.28490928635972,28657.38051209104
5,Neutral,mismatch,simultaneous,1008.25,227.31362447281452,51671.48387096774
5,Neutral,mismatch,word_first,783.921052631579,205.3339246834021,42162.02062588905
6,Bad,match,image_first,676.1025641025641,120.98320781083517,14636.93657219973
6,Bad,match,simultaneous,810.8421052631579,134.58997318498345,18114.460881934567
6,Bad,match,word_first,660.8461538461538,158.22793992105161,25036.080971659918
6,Bad,mismatch,image_first,658.5897435897435,133.11781840252758,17720.35357624831
6,Bad,mismatch,simultaneous,853.7179487179487,159.38846103614586,25404.681511470986
6,Bad,mismatch,word_first,671.775,153.28061872566627,23494.948076923076
6,Good,match,image_first,583.6315789473684,150.98226512151462,22795.64438122333
6,Good,match,simultaneous,733.4358974358975,164.05371310252642,26913.620782726044
6,Good,match,word_first,592.325,157.63319764567362,24848.225
6,Good,mismatch,image_first,662.974358974359,145.52472880461664,21177.44669365722
6,Good,mismatch,simultaneous,835.2820512820513,159.863913955449,25556.470985155196
6,Good,mismatch,word_first,674.45,188.46967381708376,35520.81794871795
6,Neutral,match,image_first,709.8157894736842,173.13420123085552,29975.451635846373
6,Neutral,match,simultaneous,863.3846153846154,180.35719170354778,32528.716599190284
6,Neutral,match,word_first,692.2972972972973,179.94487811315764,32380.15915915916
6,Neutral,mismatch,image_first,722.95,168.47718402935615,28384.561538461538
6,Neutral,mismatch,simultaneous,861.2631578947369,179.5075371767762,32222.955903271693
6,Neutral,mismatch,word_first,689.7,183.91556033498998,33824.933333333334
7,Bad,match,image_first,521.9230769230769,82.77343351309379,6851.441295546559
7,Bad,match,simultaneous,655.6388888888889,75.87664906290915,5757.265873015873
7,Bad,match,word_first,571.5405405405405,81.32602241547242,6613.921921921922
7,Bad,mismatch,image_first,567.9473684210526,67.0570339613857,4496.645803698435
7,Bad,mismatch,simultaneous,695.7631578947369,71.18967212163017,5067.969416785207
7,Bad,mismatch,word_first,633.025,117.37633699847464,13777.204487179488
7,Good,match,image_first,480.53846153846155,55.40275793716893,3069.4655870445345
7,Good,match,simultaneous,581.625,45.7936774832061,2097.0608974358975
7,Good,match,word_first,514.6923076923077,56.66947282088983,3211.429149797571
7,Good,mismatch,image_first,546.5526315789474,89.47193350307971,8005.226884779517
7,Good,mismatch,simultaneous,714.625,117.52068830417554,13811.11217948718
7,Good,mismatch,word_first,624.3684210526316,94.05444686891695,8846.238975817923
7,Neutral,match,image_first,565.7567567567568,91.11452055438724,8301.855855855856
7,Neutral,match,simultaneous,706.3125,76.08799553488139,5789.383064516129
7,Neutral,match,word_first,557.4117647058823,74.18899601777056,5504.007130124777
7,Neutral,mismatch,image_first,553.7,58.51811028023061,3424.369230769231
7,Neutral,mismatch,simultaneous,697.8717948717949,88.59166513224697,7848.483130904184
7,Neutral,mismatch,word_first,589.3243243243244,78.8233094592844,6213.114114114114
8,Bad,match,image_first,749,114.43229439279806,13094.75
8,Bad,match,simultaneous,782.4117647058823,100.13055648624943,10026.12834224599
8,Bad,match,word_first,646.6052631578947,109.32286412365507,11951.488620199147
8,Bad,mismatch,image_first,744.3846153846154,121.21004287569214,14691.874493927126
8,Bad,mismatch,simultaneous,841.75,101.44255939763575,10290.592857142858
8,Bad,mismatch,word_first,680.7631578947369,93.38685427789257,8721.104551920342
8,Good,match,image_first,708.6764705882352,122.41700233175557,14985.922459893049
8,Good,match,simultaneous,721.7894736842105,109.1414054000061,11911.846372688478
8,Good,match,word_first,584.2941176470588,97.02812132565352,9414.45632798574
8,Good,mismatch,image_first,769.4166666666666,165.38636582257922,27352.65
8,Good,mismatch,simultaneous,838.1666666666666,102.81675794482976,10571.285714285714
8,Good,mismatch,word_first,712.025,130.10025473476708,16926.076282051283
8,Neutral,match,image_first,688.3611111111111,109.27348463577266,11940.694444444445
8,Neutral,match,simultaneous,753.081081081081,106.47831766201104,11337.632132132132
8,Neutral,match,word_first,637.0769230769231,85.63459231414438,7333.283400809717
8,Neutral,mismatch,image_first,743.2941176470588,166.00721587306117,27558.395721925135
8,Neutral,mismatch,simultaneous,842.4137931034483,95.87883620240233,9192.751231527094
8,Neutral,mismatch,word_first,733.1714285714286,132.7213989826025,17614.96974789916
9,Bad,match,image_first,706.775,122.47354240709946,14999.76858974359
9,Bad,match,simultaneous,777.6756756756756,125.31494857492595,15703.836336336337
9,Bad,match,word_first,734.8571428571429,167.490498915284,28053.067226890755
9,Bad,mismatch,image_first,704.5526315789474,171.80184962167365,29515.875533428167
9,Bad,mismatch,simultaneous,862.8717948717949,165.62992665755905,27433.272604588394
9,Bad,mismatch,word_first,690.0769230769231,177.79725067665737,31611.862348178136
9,Good,match,image_first,650.7435897435897,188.02753409075044,35354.353576248315
9,Good,match,simultaneous,775.5675675675676,183.30765585947765,33601.696696696694
9,Good,match,word_first,682,109.49530685021264,11989.222222222223
9,Good,mismatch,image_first,757.1794871794872,156.5131357855126,24496.361673414303
9,Good,mismatch,simultaneous,860.7837837837837,154.25900570417548,23795.84084084084
9,Good,mismatch,word_first,722.3589743589744,179.30075985095797,32148.762483130904
9,Neutral,match,image_first,636.2105263157895,87.18019794213029,7600.386913229018
9,Neutral,match,simultaneous,767.1578947368421,159.64750466825166,25487.32574679943
9,Neutral,match,word_first,676.525,178.74849649717336,31951.025
9,Neutral,mismatch,image_first,720.7692307692307,130.64021737872733,17066.866396761132
9,Neutral,mismatch,simultaneous,794.4615384615385,131.00499109693376,17162.30769230769
9,Neutral,mismatch,word_first,712.8947368421053,120.32563687955039,14478.258890469417
10,Bad,match,image_first,689.2857142857143,183.6263103390674,33718.621848739494
10,Bad,match,simultaneous,783.6578947368421,171.4819786159545,29406.068990042673
10,Bad,match,word_first,612.3684210526316,86.92787350461381,7556.455192034139
10,Bad,mismatch,image_first,735.8055555555555,150.60332370539209,22681.36111111111
10,Bad,mismatch,simultaneous,828.8947368421053,149.99041221136196,22497.12375533428
10,Bad,mismatch,word_first,711.75,161.28419903122207,26012.592857142856
10,Good,match,image_first,687.725,203.70919286181038,41497.43525641026
10,Good,match,simultaneous,734.45,99.79413425031169,9958.86923076923
10,Good,match,word_first,645.1578947368421,112.99833204121524,12768.623044096728
10,Good,mismatch,image_first,784.6216216216217,192.46144655075315,37041.40840840841
10,Good,mismatch,simultaneous,814.3333333333334,196.25522740990692,38516.114285714284
10,Good,mismatch,word_first,690.475,151.95073214696927,23089.025
10,Neutral,match,image_first,610.974358974359,127.85034161687625,16345.709851551957
10,Neutral,match,simultaneous,720.921052631579,96.33791361069649,9280.99359886202
10,Neutral,match,word_first,583.3157894736842,126.39216218924891,15974.9786628734
10,Neutral,mismatch,image_first,712.6153846153846,173.50998991179236,30105.716599190284
10,Neutral,mismatch,simultaneous,773,116.20472650257588,13503.538461538461
10,Neutral,mismatch,word_first,654.9,115.07206214880955,13241.579487179488
11,Bad,match,image_first,826.2,181.5788590427918,32970.88205128205
11,Bad,match,simultaneous,1047.5714285714287,189.26200310708384,35820.10582010582
11,Bad,match,word_first,861.6944444444445,149.6299854296676,22389.13253968254
11,Bad,mismatch,image_first,780.225,173.00073921585067,29929.25576923077
11,Bad,mismatch,simultaneous,924,180.34063007859004,32522.742857142857
11,Bad,mismatch,word_first,774.025641025641,223.83646370314847,50102.76248313091
11,Good,match,image_first,579.2,98.36123897823437,9674.933333333332
11,Good,match,simultaneous,862.7142857142857,202.55770004800976,41029.621848739494
11,Good,match,word_first,593.3,68.00497719341521,4624.676923076923
11,Good,mismatch,image_first,723.05,160.7209638010182,25831.228205128205
11,Good,mismatch,simultaneous,944.2,189.48658186236395,35905.16470588235
11,Good,mismatch,word_first,761.075,153.07152467610254,23430.891666666666
11,Neutral,match,image_first,729.1315789473684,189.1711896030099,35785.73897581792
11,Neutral,match,simultaneous,871.9722222222222,163.98910871694432,26892.42777777778
11,Neutral,match,word_first,744.625,147.34029815884878,21709.16346153846
11,Neutral,mismatch,image_first,805.8717948717949,194.01114719563756,37640.325236167344
11,Neutral,mismatch,simultaneous,969.6060606060606,188.17029178943528,35408.058712121216
11,Neutral,mismatch,word_first,803.4871794871794,224.39953464100256,50355.15114709851
12,Bad,match,image_first,623.4571428571429,144.5291224179084,20888.667226890757
12,Bad,match,simultaneous,715,93.2003381447891,8686.30303030303
12,Bad,match,word_first,628.2058823529412,158.9768001774234,25273.622994652407
12,Bad,mismatch,image_first,696.24,123.72963805545271,15309.023333333333
12,Bad,mismatch,simultaneous,702.5172413793103,101.27071946367151,10255.758620689656
12,Bad,mismatch,word_first,652.4814814814815,131.09901436300567,17186.951566951568
12,Good,match,image_first,529.6,102.19759643919576,10444.348717948718
12,Good,match,simultaneous,594.25,90.07738838041375,8113.9358974358975
12,Good,match,word_first,577.6969696969697,153.5888352160739,23589.530303030304
12,Good,mismatch,image_first,644.4571428571429,106.6239524070026,11368.667226890757
12,Good,mismatch,simultaneous,701.027027027027,155.89837973758677,24304.304804804804
12,Good,mismatch,word_first,606,107.17690464315943,11486.888888888889
12,Neutral,match,image_first,572.6486486486486,96.7813159815629,9366.623123123123
12,Neutral,match,simultaneous,619.5128205128206,126.19197401179385,15924.414304993252
12,Neutral,match,word_first,580.1818181818181,117.94767233434881,13911.65340909091
12,Neutral,mismatch,image_first,648.3589743589744,139.87240184868628,19564.288798920377
12,Neutral,mismatch,simultaneous,704.3666666666667,95.55012525780178,9129.82643678161
12,Neutral,mismatch,word_first,639.2631578947369,121.55027526412766,14774.469416785207
13,Bad,match,image_first,660.3125,177.0987400002536,31363.96370967742
13,Bad,match,simultaneous,730.7241379310345,144.6905309745409,20935.34975369458
13,Bad,match,word_first,580.6129032258065,101.75646659855902,10354.378494623656
13,Bad,mismatch,image_first,741.1714285714286,209.45018861916796,43869.38151260504
13,Bad,mismatch,simultaneous,777.0967741935484,134.62400846770973,18123.62365591398
13,Bad,mismatch,word_first,654.25,169.51432724951937,28735.10714285714
13,Good,match,image_first,479.95,95.60360201346347,9140.048717948717
13,Good,match,simultaneous,624.7,118.70048495353811,14089.805128205127
13,Good,match,word_first,499,109.71641767617237,12037.692307692309
13,Good,mismatch,image_first,660.4375,167.15878823403503,27942.060483870966
13,Good,mismatch,simultaneous,762.40625,126.89209522521551,16101.603830645161
13,Good,mismatch,word_first,680.1764705882352,156.8520767316919,24602.573975044565
13,Neutral,match,image_first,631.1212121212121,150.7379260454543,22721.922348484848
13,Neutral,match,simultaneous,729.4857142857143,181.832238685031,33062.96302521008
13,Neutral,match,word_first,584.4722222222222,113.61626797781359,12908.656349206349
13,Neutral,mismatch,image_first,659.0344827586207,180.1851196406115,32466.67733990148
13,Neutral,mismatch,simultaneous,797.3333333333334,181.32050749096643,32877.12643678161
13,Neutral,mismatch,word_first,640.9032258064516,117.95998045628573,13914.556989247312
14,Bad,match,image_first,595.6428571428571,119.68886030213204,14325.42328042328
14,Bad,match,simultaneous,735.5357142857143,186.52067349281054,34789.96164021164
14,Bad,match,word_first,631.4444444444445,140.25414573846078,19671.225396825397
14,Bad,mismatch,image_first,590.2368421052631,98.57126224772375,9716.29374110953
14,Bad,mismatch,simultaneous,719.6666666666666,134.5038315504595,18091.280701754386
14,Bad,mismatch,word_first,597.9428571428572,90.42316948565745,8176.349579831933
14,Good,match,image_first,560.6857142857143,98.4284665389545,9688.163025210084
14,Good,match,simultaneous,723.918918918919,113.08462376526762,12788.132132132132
14,Good,match,word_first,659.36,119.32095373403617,14237.49
14,Good,mismatch,image_first,631.3,135.7371064556981,18424.56206896552
14,Good,mismatch,simultaneous,686.6285714285714,142.03957313416024,20175.240336134455
14,Good,mismatch,word_first,647.8,161.63611750706778,26126.23448275862
14,Neutral,match,image_first,615.3823529411765,151.70985359937694,23015.879679144386
14,Neutral,match,simultaneous,726.1153846153846,97.57759042857204,9521.386153846153
14,Neutral,match,word_first,651.34375,165.2502714604183,27307.652217741936
14,Neutral,mismatch,image_first,612.3333333333334,146.6726274705775,21512.859649122805
14,Neutral,mismatch,simultaneous,696.6578947368421,128.05515625735939,16398.123044096727
14,Neutral,mismatch,word_first,631.2058823529412,124.63711675676826,15534.410873440285
15,Bad,match,image_first,681.0540540540541,122.26041104179271,14947.608108108108
15,Bad,match,simultaneous,793,185.83230897457938,34533.64705882353
15,Bad,match,word_first,747.9736842105264,169.669868137001,28787.86415362731
15,Bad,mismatch,image_first,751.6285714285714,151.91040039411115,23076.76974789916
15,Bad,mismatch,simultaneous,846.3142857142857,143.43368449823598,20573.221848739497
15,Bad,mismatch,word_first,769.5405405405405,143.60895874921255,20623.533033033033
15,Good,match,image_first,657.7777777777778,154.41264032475934,23843.263492063492
15,Good,match,simultaneous,728.3783783783783,134.68860204011148,18141.01951951952
15,Good,match,word_first,695.2307692307693,167.23344250328034,27967.024291497975
15,Good,mismatch,image_first,677.2941176470588,61.21226328498717,3746.9411764705883
15,Good,mismatch,simultaneous,848.21875,143.52761550060782,20600.176411290322
15,Good,mismatch,word_first,804.7096774193549,216.0932196296137,46696.279569892475
15,Neutral,match,image_first,610.1842105263158,96.05906270487061,9227.343527738265
15,Neutral,match,simultaneous,717.0555555555555,97.86227770098853,9577.025396825396
15,Neutral,match,word_first,634.025,130.02612903093453,16906.794230769232
15,Neutral,mismatch,image_first,648.2058823529412,123.7046285143144,15302.835115864527
15,Neutral,mismatch,simultaneous,806.0857142857143,102.7307650318716,10553.610084033613
15,Neutral,mismatch,word_first,779.4857142857143,143.86336888715982,20696.668907563024
16,Bad,match,image_first,555.5945945945946,99.08062358488652,9816.96996996997
16,Bad,match,simultaneous,650.4102564102565,78.1162150256432,6102.143049932523
16,Bad,match,word_first,561.1538461538462,78.85514316288359,6218.133603238866
16,Bad,mismatch,image_first,619.8108108108108,117.90105028225005,13900.657657657657
16,Bad,mismatch,simultaneous,683.972972972973,58.74827963745288,3451.3603603603606
16,Bad,mismatch,word_first,597.925,75.85762220208228,5754.378846153846
16,Good,match,image_first,546.4444444444445,114.85679143908966,13192.08253968254
16,Good,match,simultaneous,645.2051282051282,63.31466093093226,4008.7462887989204
16,Good,match,word_first,565.2702702702703,77.79411883249868,6051.924924924925
16,Good,mismatch,image_first,609.3076923076923,103.17796425444877,10645.692307692309
16,Good,mismatch,simultaneous,707.6,105.28515613591549,11084.964102564103
16,Good,mismatch,word_first,578.825,84.34905726526208,7114.763461538461
16,Neutral,match,image_first,527.027027027027,94.83772294658753,8994.193693693695
16,Neutral,match,simultaneous,645.3684210526316,98.27441476518466,9657.860597439545
16,Neutral,match,word_first,516.6153846153846,49.38922500463744,2439.2955465587042
16,Neutral,mismatch,image_first,566.7,79.55749412717115,6329.3948717948715
16,Neutral,mismatch,simultaneous,686.9487179487179,77.29844715467198,5975.049932523617
16,Neutral,mismatch,word_first,589.975,71.49232969436794,5111.153205128205
17,Bad,match,image_first,694.3939393939394,157.79336555166446,24898.746212121212
17,Bad,match,simultaneous,795.6296296296297,174.87735221888602,30582.088319088318
17,Bad,match,word_first,706.7666666666667,180.66957519820224,32641.49540229885
17,Bad,mismatch,image_first,717.4594594594595,146.5792532300444,21485.477477477478
17,Bad,mismatch,simultaneous,855.0666666666667,166.5775025860818,27748.064367816092
17,Bad,mismatch,word_first,782.34375,234.57079671040648,55023.45866935484
17,Good,match,image_first,616.1538461538462,186.68895302664868,34852.76518218624
17,Good,match,simultaneous,833.9354838709677,208.61590471228394,43520.59569892473
17,Good,match,word_first,554.225,98.11544416968913,9626.640384615384
17,Good,mismatch,image_first,732.2941176470588,116.98835202619071,13686.274509803921
17,Good,mismatch,simultaneous,886.5862068965517,158.0161649148094,24969.108374384236
17,Good,mismatch,word_first,726.3714285714286,167.55070974524236,28073.240336134455
17,Neutral,match,image_first,696.060606060606,171.7327028032844,29492.121212121212
17,Neutral,match,simultaneous,796,116.0486549796276,13467.290322580646
17,Neutral,match,word_first,603.2702702702703,122.56260274484869,15021.591591591592
17,Neutral,mismatch,image_first,750.4736842105264,158.24437769648003,25041.28307254623
17,Neutral,mismatch,simultaneous,878.578947368421,200.44526537105543,40178.30440967283
17,Neutral,mismatch,word_first,715.125,133.40552933222168,17797.035256410258
18,Bad,match,image_first,636.3235294117648,84.24593168425163,7097.377005347594
18,Bad,match,simultaneous,812.1212121212121,123.5452238999341,15263.422348484848
18,Bad,match,word_first,709.9722222222222,212.1933735482279,45026.02777777778
18,Bad,mismatch,image_first,692.2058823529412,125.94606335030994,15862.410873440285
18,Bad,mismatch,simultaneous,751.6470588235294,110.59861425865981,12232.053475935829
18,Bad,mismatch,word_first,661.9459459459459,146.8065518417474,21552.163663663665
18,Good,match,image_first,575.3055555555555,96.28909430740163,9271.589682539683
18,Good,match,simultaneous,753.9459459459459,145.19449521742015,21081.441441441442
18,Good,match,word_first,621.5384615384615,105.2607904592074,11079.834008097167
18,Good,mismatch,image_first,606.1538461538462,85.39953730354702,7293.080971659919
18,Good,mismatch,simultaneous,809.4166666666666,135.29657898747584,18305.164285714287
18,Good,mismatch,word_first,621.2432432432432,117.83001065692649,13883.91141141141
18,Neutral,match,image_first,673.4705882352941,153.1810644390285,23464.4385026738
18,Neutral,match,simultaneous,744.325,122.2792909694851,14952.225
18,Neutral,match,word_first,588.8421052631579,86.70344808000195,7517.487908961593
18,Neutral,mismatch,image_first,666.6756756756756,119.36150832521207,14247.169669669669
18,Neutral,mismatch,simultaneous,827.9,200.60891919737384,40243.93846153846
18,Neutral,mismatch,word_first,672.9714285714285,146.90602953114293,21581.381512605043
19,Bad,match,image_first,621.8378378378378,132.43520711685426,17539.084084084083
19,Bad,match,simultaneous,816.0285714285715,167.56025882092226,28076.440336134452
19,Bad,match,word_first,642.4594594594595,84.44281253362294,7130.588588588588
19,Bad,mismatch,image_first,785.0512820512821,227.67647275973223,51836.57624831309
19,Bad,mismatch,simultaneous,995.1724137931035,185.69177013948936,34481.43349753695
19,Bad,mismatch,word_first,742.8108108108108,151.03215953303857,22810.713213213214
19,Good,match,image_first,699.4166666666666,238.9356607959557,57090.25
19,Good,match,simultaneous,832.8974358974359,146.66302136311532,21510.041835357624
19,Good,match,word_first,688.8181818181819,173.45342576349108,30086.090909090908
19,Good,mismatch,image_first,771.9459459459459,228.67564923391504,52292.55255255255
19,Good,mismatch,simultaneous,889.25,165.09098175873967,27255.032258064515
19,Good,mismatch,word_first,784.2702702702703,157.85271768481047,24917.48048048048
19,Neutral,match,image_first,808.2647058823529,237.3509495705296,56335.47326203209
19,Neutral,match,simultaneous,844,142.18111895830364,20215.470588235294
19,Neutral,match,word_first,715.9722222222222,210.60409521335268,44354.08492063492
19,Neutral,mismatch,image_first,806.6333333333333,230.05943509919544,52927.34367816092
19,Neutral,mismatch,simultaneous,855.0689655172414,144.62239775026026,20915.637931034482
19,Neutral,mismatch,word_first,875.1935483870968,214.8345750191433,46153.89462365591
20,Bad,match,image_first,965.7666666666667,160.59129605248253,25789.564367816092
20,Bad,match,simultaneous,1092.9705882352941,155.91693306958456,24310.09001782531
20,Bad,match,word_first,786.3055555555555,165.14527274830215,27272.96111111111
20,Bad,mismatch,image_first,742.2820512820513,123.3960139077154,15226.576248313091
20,Bad,mismatch,simultaneous,909.9230769230769,166.859598183841,27842.125506072876
20,Bad,mismatch,word_first,651.3947368421053,107.75385851840551,11610.894025604552
20,Good,match,image_first,745.7179487179487,143.76368561269103,20667.99730094467
20,Good,match,simultaneous,877.3157894736842,197.2587962979787,38911.03271692745
20,Good,match,word_first,678.1315789473684,162.96959939562126,26559.090327169273
20,Good,mismatch,image_first,709.65,97.46282657558503,9499.002564102564
20,Good,mismatch,simultaneous,892.1388888888889,170.41531667878377,29041.38015873016
20,Good,mismatch,word_first,695.9487179487179,183.44294232926586,33651.313090418356
20,Neutral,match,image_first,730.974358974359,119.18792926773627,14205.762483130904
20,Neutral,match,simultaneous,814.7027027027027,117.18690315163325,13732.77027027027
20,Neutral,match,word_first,674.0555555555555,165.55101836757055,27407.139682539684
20,Neutral,mismatch,image_first,702.0512820512821,125.2975298445871,15699.470985155196
20,Neutral,mismatch,simultaneous,878.7,191.20712356647203,36560.1641025641
20,Neutral,mismatch,word_first,666.0526315789474,146.61236763738242,21495.186344238977
21,Bad,match,image_first,581.425,125.10096179096962,15650.250641025641
21,Bad,match,simultaneous,708.7435897435897,134.6286741078504,18124.87989203779
21,Bad,match,word_first,592.5833333333334,123.67708530108327,15296.021428571428
21,Bad,mismatch,image_first,658.65,119.23980362794451,14218.13076923077
21,Bad,mismatch,simultaneous,779.875,111.48926302218868,12429.85576923077
21,Bad,mismatch,word_first,686.275,132.60699356968223,17584.614743589744
21,Good,match,image_first,566.8571428571429,127.27671171325026,16199.361344537816
21,Good,match,simultaneous,710.1538461538462,138.61809300557422,19214.975708502025
21,Good,match,word_first,614.1944444444445,140.2222357432137,19662.275396825396
21,Good,mismatch,image_first,698.05,126.33552193490199,15960.664102564102
21,Good,mismatch,simultaneous,799.5263157894736,123.98991607692315,15373.499288762447
21,Good,mismatch,word_first,673.3589743589744,112.45665531766525,12646.499325236167
21,Neutral,match,image_first,597.025641025641,155.23555737202926,24098.078272604587
21,Neutral,match,simultaneous,623.3,113.14823497042752,12802.523076923077
21,Neutral,match,word_first,575.7567567567568,104.32518748962183,10883.744744744745
21,Neutral,mismatch,image_first,688.5641025641025,165.6778413020749,27449.14709851552
21,Neutral,mismatch,simultaneous,778.075,150.92524682174658,22778.430128205127
21,Neutral,mismatch,word_first,653.3888888888889,118.07099021418738,13940.75873015873
22,Bad,match,image_first,605.9090909090909,92.81445322401424,8614.522727272728
22,Bad,match,simultaneous,742.6969696969697,154.10639280390123,23748.780303030304
22,Bad,match,word_first,627.09375,74.56296727404079,5559.636088709677
22,Bad,mismatch,image_first,646.2777777777778,132.56709591989605,17574.03492063492
22,Bad,mismatch,simultaneous,730.1351351351351,121.54381061122733,14772.897897897898
22,Bad,mismatch,word_first,607.6756756756756,128.48844609839742,16509.28078078078
22,Good,match,image_first,539.6410256410256,103.37450749058192,10686.288798920377
22,Good,match,simultaneous,640.6410256410256,86.20125996743324,7430.65721997301
22,Good,match,word_first,525.578947368421,98.86125455867973,9773.547652916073
22,Good,mismatch,image_first,616.6052631578947,136.2776457395242,18571.596728307253
22,Good,mismatch,simultaneous,734.4473684210526,187.49121743300205,35152.95661450925
22,Good,mismatch,word_first,571.4102564102565,103.72679650452152,10759.248313090418
22,Neutral,match,image_first,690.5483870967741,117.51477600984975,13809.72258064516
22,Neutral,match,simultaneous,749,165.2437593375314,27305.5
22,Neutral,match,word_first,564.5142857142857,70.53216680793132,4974.786554621849
22,Neutral,mismatch,image_first,608.1081081081081,106.27788099123913,11294.987987987988
22,Neutral,mismatch,simultaneous,712.8108108108108,105.83814630469118,11201.713213213214
22,Neutral,mismatch,word_first,623.5833333333334,137.27685789777428,18844.935714285715
23,Bad,match,image_first,591.6176470588235,122.00521963644967,14885.273618538324
23,Bad,match,simultaneous,666.0277777777778,98.92146556337684,9785.45634920635
23,Bad,match,word_first,587.5833333333334,129.0685415033311,16658.6884057971
23,Bad,mismatch,image_first,640.8846153846154,113.01622075545684,12772.666153846154
23,Bad,mismatch,simultaneous,703.9032258064516,93.55545764900077,8752.623655913978
23,Bad,mismatch,word_first,542.3703703703703,68.62559970210049,4709.472934472935
23,Good,match,image_first,521.1578947368421,105.59139151945885,11149.541963015647
23,Good,match,simultaneous,617.4594594594595,95.03759332045475,9032.144144144144
23,Good,match,word_first,497.7631578947368,89.70927042713585,8047.75320056899
23,Good,mismatch,image_first,613,94.50231478646435,8930.6875
23,Good,mismatch,simultaneous,672.4827586206897,102.56274062029934,10519.115763546799
23,Good,mismatch,word_first,556.5185185185185,114.0894960345303,13016.413105413105
23,Neutral,match,image_first,590.1538461538462,88.28260198796353,7793.817813765182
23,Neutral,match,simultaneous,657,97.9732106241293,9598.75
23,Neutral,match,word_first,531.6944444444445,92.06141411174373,8475.303968253967
23,Neutral,mismatch,image_first,605.4285714285714,91.44438544958406,8362.0756302521
23,Neutral,mismatch,simultaneous,687.2894736842105,102.39692454596603,10485.130156472262
23,Neutral,mismatch,word_first,546.4857142857143,107.58153445002469,11573.786554621849
24,Bad,match,image_first,995.9117647058823,200.13228468327898,40052.93137254902
24,Bad,match,simultaneous,953.7058823529412,235.71702724675268,55562.51693404635
24,Bad,match,word_first,809.03125,220.32519724335341,48543.19254032258
24,Bad,mismatch,image_first,845.925,232.95948668362368,54270.122435897436
24,Bad,mismatch,simultaneous,936.2631578947369,189.18012069304177,35789.11806543385
24,Bad,mismatch,word_first,794.8461538461538,228.71270630267026,52309.5020242915
24,Good,match,image_first,688.15,194.08926706478024,37670.64358974359
24,Good,match,simultaneous,753.1282051282051,188.76638018672423,35632.74628879892
24,Good,match,word_first,640.078947368421,119.88223536295432,14371.750355618777
24,Good,mismatch,image_first,833.9705882352941,221.2800892457638,48964.877896613194
24,Good,mismatch,simultaneous,975.6388888888889,182.52219477998173,33314.351587301586
24,Good,mismatch,word_first,839.5263157894736,191.78700697784302,36782.25604551921
24,Neutral,match,image_first,896.4444444444445,180.3624041351102,32530.596825396824
24,Neutral,match,simultaneous,912.4444444444445,188.99318875775762,35718.4253968254
24,Neutral,match,word_first,798.9722222222222,159.23163470888406,25354.713492063493
24,Neutral,mismatch,image_first,875.1714285714286,189.37039425022962,35861.146218487396
24,Neutral,mismatch,simultaneous,921.4871794871794,204.8239130512471,41952.835357624834
24,Neutral,mismatch,word_first,825.8205128205128,224.0039792638646,50177.78272604589
25,Bad,match,image_first,647,158.04087024142416,24976.916666666668
25,Bad,match,simultaneous,684.0857142857143,110.98075387693326,12316.727731092436
25,Bad,match,word_first,565,94.46994987069395,8924.57142857143
25,Bad,mismatch,image_first,652.6944444444445,127.43195819045538,16238.903968253968
25,Bad,mismatch,simultaneous,663.7878787878788,113.95469428016052,12985.672348484848
25,Bad,mismatch,word_first,607.4594594594595,142.9676720634957,20439.755255255255
25,Good,match,image_first,493.8918918918919,92.90699763855363,8631.71021021021
25,Good,match,simultaneous,582.3421052631579,69.10871823430543,4776.01493598862
25,Good,match,word_first,464.2432432432432,60.04877897056572,3605.8558558558557
25,Good,mismatch,image_first,635.6666666666666,121.14642851878524,14676.457142857143
25,Good,mismatch,simultaneous,695.5675675675676,93.37247409659294,8718.418918918918
25,Good,mismatch,word_first,558.7,82.2956521267944,6772.574358974359
25,Neutral,match,image_first,642.6190476190476,147.8575247292055,21861.847619047618
25,Neutral,match,simultaneous,662.2903225806451,101.92650736302998,10389.012903225806
25,Neutral,match,word_first,561.5,116.81926801392973,13646.741379310344
25,Neutral,mismatch,image_first,665.5128205128206,165.33902519478477,27336.993252361674
25,Neutral,mismatch,simultaneous,671.7105263157895,90.39759261765137,8171.724751066857
25,Neutral,mismatch,word_first,585.5833333333334,140.80876088815333,19827.10714285714
26,Bad,match,image_first,821.1666666666666,169.42928202998266,28706.2816091954
26,Bad,match,simultaneous,879,175.58508254439275,30830.121212121212
26,Bad,match,word_first,761.625,199.67792615496683,39871.27419354839
26,Bad,mismatch,image_first,824.3513513513514,207.1042700638465,42892.178678678676
26,Bad,mismatch,simultaneous,947.0277777777778,141.45377561210813,20009.170634920636
26,Bad,mismatch,word_first,815.7692307692307,189.19865103815056,35796.12955465587
26,Good,match,image_first,949.2857142857143,212.5370306981572,45171.98941798942
26,Good,match,simultaneous,999.5925925925926,189.51806474871165,35917.096866096865
26,Good,match,word_first,865.4571428571429,275.8545378463443,76095.72605042017
26,Good,mismatch,image_first,849.6486486486486,201.5199488631083,40610.28978978979
26,Good,mismatch,simultaneous,938.925,201.70852129769472,40686.32756410256
26,Good,mismatch,word_first,822.6486486486486,214.88927590948066,46177.4009009009
26,Neutral,match,image_first,804.578947368421,253.5790970559815,64302.35846372689
26,Neutral,match,simultaneous,907.3611111111111,183.85680029814785,33803.323015873015
26,Neutral,match,word_first,733.4,240.8343585024656,58001.18823529412
26,Neutral,mismatch,image_first,835.8709677419355,168.8484018156492,28509.782795698924
26,Neutral,mismatch,simultaneous,937.9722222222222,162.03306295958086,26254.713492063493
26,Neutral,mismatch,word_first,872.40625,179.63742324650832,32269.603830645163
27,Bad,match,image_first,686.1842105263158,139.12270595241472,19355.12731152205
27,Bad,match,simultaneous,719.974358974359,82.01780524902959,6726.9203778677465
27,Bad,match,word_first,683.9473684210526,120.17283665023182,14441.5106685633
27,Bad,mismatch,image_first,721.4102564102565,103.78437108501198,10771.195681511472
27,Bad,mismatch,simultaneous,787.3684210526316,123.56712172100036,15268.833570412518
27,Bad,mismatch,word_first,715,146.48094301535156,21456.666666666668
27,Good,match,image_first,690.3333333333334,187.48099318868978,35149.12280701754
27,Good,match,simultaneous,720.6,138.46276922529918,19171.938461538462
27,Good,match,word_first,670.9473684210526,162.6275711088975,26447.726884779517
27,Good,mismatch,image_first,722.3076923076923,150.00476375701396,22501.429149797572
27,Good,mismatch,simultaneous,830.35,180.28759787827323,32503.617948717947
27,Good,mismatch,word_first,708.078947368421,117.86831442252819,13892.939544807967
27,Neutral,match,image_first,629.725,112.66582934751824,12693.589102564103
27,Neutral,match,simultaneous,749.078947368421,101.16253488187652,10233.858463726885
27,Neutral,match,word_first,667.6153846153846,164.19318137400407,26959.4008097166
27,Neutral,mismatch,image_first,700.5945945945946,128.79601862796233,16588.414414414416
27,Neutral,mismatch,simultaneous,788.6578947368421,177.37123632801672,31460.55547652916
27,Neutral,mismatch,word_first,759.7179487179487,190.0088569567148,36103.3657219973
28,Bad,match,image_first,628.0666666666667,141.66666396213654,20069.44367816092
28,Bad,match,simultaneous,675.2894736842105,71.73672130435911,5146.157183499289
28,Bad,match,word_first,620.90625,127.38647301838809,16227.313508064517
28,Bad,mismatch,image_first,584.85,121.66421845095644,14802.18205128205
28,Bad,mismatch,simultaneous,707.921052631579,116.15096922934424,13491.047652916073
28,Bad,mismatch,word_first,583.9411764705883,94.41396313542617,8913.996434937611
28,Good,match,image_first,551.9444444444445,99.12328382789482,9825.425396825396
28,Good,match,simultaneous,653.4571428571429,89.53584325224594,8016.667226890756
28,Good,match,word_first,601.6756756756756,120.29917660521161,14471.891891891892
28,Good,mismatch,image_first,629.0769230769231,170.85225760031824,29190.493927125506
28,Good,mismatch,simultaneous,736.4473684210526,133.8419191330278,17913.65931721195
28,Good,mismatch,word_first,591.15,115.67473185507538,13380.64358974359
28,Neutral,match,image_first,557.25,71.26304391879026,5078.421428571429
28,Neutral,match,simultaneous,661.5945945945946,105.09293756254759,11044.525525525525
28,Neutral,match,word_first,507.6842105263158,78.0589192795392,6093.194879089616
28,Neutral,mismatch,image_first,509.9189189189189,64.35896655926489,4142.076576576576
28,Neutral,mismatch,simultaneous,711,141.2625401978808,19955.105263157893
28,Neutral,mismatch,word_first,576.2307692307693,74.81959409084648,5597.971659919029
29,Bad,match,image_first,895.7352941176471,172.9241047086982,29902.745989304814
29,Bad,match,simultaneous,877.3714285714286,133.20132610943077,17742.593277310923
29,Bad,match,word_first,687,115.6703143491087,13379.621621621622
29,Bad,mismatch,image_first,958.5526315789474,180.7443614115716,32668.524182076813
29,Bad,mismatch,simultaneous,970.3030303030303,155.96303345033496,24324.467803030304
29,Bad,mismatch,word_first,832.84375,156.42190865752954,24467.813508064515
29,Good,match,image_first,823.25,227.5940075179145,51799.032258064515
29,Good,match,simultaneous,895.71875,184.50058735372895,34040.46673387097
29,Good,match,word_first,672.7027027027027,152.8463034963309,23361.992492492493
29,Good,mismatch,image_first,955.5945945945946,183.94359936607674,33835.247747747744
29,Good,mismatch,simultaneous,1008.1071428571429,155.89819548185076,24304.247354497355
29,Good,mismatch,word_first,905.6666666666666,188.5244580004616,35541.471264367814
29,Neutral,match,image_first,705.2051282051282,134.87873295886342,18192.272604588394
29,Neutral,match,simultaneous,760.5135135135135,126.8373020889407,16087.701201201202
29,Neutral,match,word_first,642.4358974358975,142.92117718515058,20426.462887989204
29,Neutral,mismatch,image_first,838.8947368421053,122.39607604416882,14980.799431009957
29,Neutral,mismatch,simultaneous,928.2,124.9143706704717,15603.6
29,Neutral,mismatch,word_first,796.7435897435897,143.98916588423515,20732.87989203779
30,Bad,match,image_first,567.078947368421,161.54446824476423,26096.61522048364
30,Bad,match,simultaneous,641.921052631579,95.21650480904667,9066.182788051208
30,Bad,match,word_first,605.4102564102565,123.81708026650442,15330.669365721997
30,Bad,mismatch,image_first,569.85,80.26735773618513,6442.848717948718
30,Bad,mismatch,simultaneous,653.7435897435897,107.30372975043122,11514.090418353577
30,Bad,mismatch,word_first,579.4102564102565,107.20951399963431,11493.879892037787
30,Good,match,image_first,566,162.8663129607713,26525.4358974359
30,Good,match,simultaneous,636.2307692307693,90.68814741172994,8224.34008097166
30,Good,match,word_first,569.9722222222222,82.83114876874042,6860.999206349206
30,Good,mismatch,image_first,597.8205128205128,132.14622518751355,17462.62483130904
30,Good,mismatch,simultaneous,670.8974358974359,107.70422336238477,11600.199730094468
30,Good,mismatch,word_first,609.4,106.47012341256668,11335.88717948718
30,Neutral,match,image_first,539.7179487179487,110.15705264899334,12134.576248313091
30,Neutral,match,simultaneous,617.3055555555555,117.36799744988761,13775.246825396825
30,Neutral,match,word_first,529.125,85.57503455133126,7323.086538461538
30,Neutral,mismatch,image_first,526.6,92.10774070313471,8483.835897435898
30,Neutral,mismatch,simultaneous,679.7777777777778,83.13469659400808,6911.377777777778
30,Neutral,mismatch,word_first,590.7,119.31475288668311,14236.010256410256
31,Bad,match,image_first,772.90625,113.15685926353336,12804.474798387097
31,Bad,match,simultaneous,777.6216216216217,131.32410106115145,17246.01951951952
31,Bad,match,word_first,659.3055555555555,90.68527032527528,8223.818253968255
31,Bad,mismatch,image_first,830.9,146.41588146382068,21437.610344827586
31,Bad,mismatch,simultaneous,804.2105263157895,95.5841663622954,9136.332859174965
31,Bad,mismatch,word_first,694.9428571428572,86.65582457499963,7509.231932773109
31,Good,match,image_first,598.275,107.80228519056399,11621.332692307693
31,Good,match,simultaneous,684.75,117.35301772528378,13771.73076923077
31,Good,match,word_first,570.975,56.86939039679047,3234.127564102564
31,Good,mismatch,image_first,788.8484848484849,170.99161551303496,29238.132575757576
31,Good,mismatch,simultaneous,813.1818181818181,121.51246194975604,14765.27840909091
31,Good,mismatch,word_first,750.8666666666667,143.60403733958833,20622.119540229884
31,Neutral,match,image_first,670.6060606060606,128.94159031174237,16625.933712121212
31,Neutral,match,simultaneous,765.5,126.85738960461585,16092.797297297297
31,Neutral,match,word_first,678.8055555555555,137.39137411984672,18876.389682539684
31,Neutral,mismatch,image_first,777.3333333333334,182.01302936093023,33128.74285714285
31,Neutral,mismatch,simultaneous,820.1388888888889,98.20449590458176,9644.123015873016
31,Neutral,mismatch,word_first,733.0882352941177,114.99759355770959,13224.446524064171
32,Bad,match,image_first,602.6153846153846,158.94497813040365,25263.506072874494
32,Bad,match,simultaneous,712.4864864864865,101.88845251919747,10381.256756756757
32,Bad,match,word_first,606.7692307692307,99.99959514088084,9999.91902834008
32,Bad,mismatch,image_first,564.578947368421,73.09550641675231,5342.953058321479
32,Bad,mismatch,simultaneous,729.2162162162163,79.37083677100632,6299.72972972973
32,Bad,mismatch,word_first,672.078947368421,151.43679112742097,22933.101706970127
32,Good,match,image_first,538.925,89.62725875993594,8033.045512820513
32,Good,match,simultaneous,690.7435897435897,117.4009589194044,13782.985155195682
32,Good,match,word_first,670.8888888888889,130.49133036944372,17027.9873015873
32,Good,mismatch,image_first,655.6764705882352,132.50653971013526,17557.983065953653
32,Good,mismatch,simultaneous,753.7222222222222,135.80671372234693,18443.463492063493
32,Good,mismatch,word_first,678.525,136.91022465610308,18744.409615384615
32,Neutral,match,image_first,585.7647058823529,106.84513256550893,11415.882352941177
32,Neutral,match,simultaneous,719.7142857142857,81.21886604527714,6596.504201680672
32,Neutral,match,word_first,646.7631578947369,140.82141924965785,19830.67211948791
32,Neutral,mismatch,image_first,578.225,93.45051823812621,8732.999358974359
32,Neutral,mismatch,simultaneous,755.425,111.939289291917,12530.404487179487
32,Neutral,mismatch,word_first,711.7631578947369,137.46044821035107,18895.37482219061
33,Bad,match,image_first,706.7948717948718,201.6490149645352,40662.325236167344
33,Bad,match,simultaneous,795,177.64326107434587,31557.128205128207
33,Bad,match,word_first,763.6944444444445,98.42468315401504,9687.418253968253
33,Bad,mismatch,image_first,759.9487179487179,143.19455824671198,20504.681511470986
33,Bad,mismatch,simultaneous,927.6388888888889,173.1455461706427,29979.38015873016
33,Bad,mismatch,word_first,820.5675675675676,127.94889182372359,16370.918918918918
33,Good,match,image_first,766.7272727272727,157.19897278752984,24711.517045454544
33,Good,match,simultaneous,782.5,133.25159093416667,17755.986486486487
33,Good,match,word_first,803.53125,138.1464824193461,19084.45060483871
33,Good,mismatch,image_first,825.8571428571429,160.10175335882937,25632.571428571428
33,Good,mismatch,simultaneous,909.5333333333333,164.27011677224746,26984.671264367815
33,Good,mismatch,word_first,879.8148148148148,181.83446339946696,33063.77207977208
33,Neutral,match,image_first,686.8888888888889,161.91457673331996,26216.330158730158
33,Neutral,match,simultaneous,806.921052631579,146.6660817803761,21510.939544807967
33,Neutral,match,word_first,754.1714285714286,143.480575794259,20586.675630252103
33,Neutral,mismatch,image_first,786.7567567567568,171.11877054734128,29281.633633633635
33,Neutral,mismatch,simultaneous,887.2307692307693,174.94066084765362,30604.234817813765
33,Neutral,mismatch,word_first,848.0882352941177,189.33782020618017,35848.810160427805
34,Bad,match,image_first,691.421052631579,125.37611125943289,15719.169274537695
34,Bad,match,simultaneous,882.4,149.55623245678083,22367.066666666666
34,Bad,match,word_first,674.275,122.89666025797489,15103.589102564103
34,Bad,mismatch,image_first,733.2564102564103,124.5147883731757,15503.932523616733
34,Bad,mismatch,simultaneous,896.875,126.48425208555027,15998.266025641025
34,Bad,mismatch,word_first,729.1538461538462,122.00141035887518,14884.344129554656
34,Good,match,image_first,577.775,129.25456645209076,16706.742948717947
34,Good,match,simultaneous,771.9473684210526,106.68289646561453,11381.24039829303
34,Good,match,word_first,647.4102564102565,107.14592065538667,11480.248313090418
34,Good,mismatch,image_first,732.2368421052631,160.53179094270297,25770.455903271693
34,Good,mismatch,simultaneous,907.7105263157895,140.50620990311114,19741.995021337127
34,Good,mismatch,word_first,753.375,148.2552697208433,21979.625
34,Neutral,match,image_first,614.5526315789474,117.35271329292709,13771.659317211948
34,Neutral,match,simultaneous,875.6,120.49594098919596,14519.271794871795
34,Neutral,match,word_first,689.675,101.3393353907351,10269.660897435897
34,Neutral,mismatch,image_first,733.575,144.76752141419794,20957.635256410256
34,Neutral,mismatch,simultaneous,925.9473684210526,140.59390386392448,19766.645803698437
34,Neutral,mismatch,word_first,730.8974358974359,113.75777471910145,12940.831309041836
35,Bad,match,image_first,563.3529411764706,106.95393580895814,11439.144385026739
35,Bad,match,simultaneous,648.9714285714285,116.20784769345923,13504.263865546218
35,Bad,match,word_first,537.1315789473684,121.52125185124451,14767.414651493598
35,Bad,mismatch,image_first,594.0263157894736,85.84098650666895,7368.6749644381225
35,Bad,mismatch,simultaneous,702.7297297297297,122.34029241074727,14967.147147147147
35,Bad,mismatch,word_first,576.8421052631579,96.33009866579393,9279.487908961593
35,Good,match,image_first,451.2564102564103,63.94270377237732,4088.669365721997
35,Good,match,simultaneous,538.2564102564103,95.55591307510349,9130.932523616733
35,Good,match,word_first,460.87179487179486,87.04813534904862,7577.377867746289
35,Good,mismatch,image_first,551.5833333333334,83.2903269979688,6937.278571428571
35,Good,mismatch,simultaneous,662.1621621621622,85.3914234287917,7291.695195195195
35,Good,mismatch,word_first,525.5428571428571,80.85365969277015,6537.314285714286
35,Neutral,match,image_first,586.0833333333334,90.51073338086958,8192.192857142858
35,Neutral,match,simultaneous,659.6842105263158,94.29227283784951,8891.032716927453
35,Neutral,match,word_first,494.4871794871795,80.34461033732387,6455.25641025641
35,Neutral,mismatch,image_first,632.3783783783783,147.06297807238747,21627.51951951952
35,Neutral,mismatch,simultaneous,702.3589743589744,148.17938758202348,21957.130904183537
35,Neutral,mismatch,word_first,571.0277777777778,88.71768582293937,7870.827777777778
36,Bad,match,image_first,512.6176470588235,102.62819469235076,10532.546345811052
36,Bad,match,simultaneous,589.7096774193549,128.56417166753394,16528.74623655914
36,Bad,match,word_first,474.2564102564103,109.26590404501593,11939.037786774628
36,Bad,mismatch,image_first,592.7714285714286,136.65006526209365,18673.240336134455
36,Bad,mismatch,simultaneous,660.2258064516129,107.54369954501267,11565.647311827957
36,Bad,mismatch,word_first,500,83.95313592867193,7048.129032258064
36,Good,match,image_first,472.8974358974359,109.07549169263095,11897.462887989204
36,Good,match,simultaneous,551.6410256410256,84.39147100191907,7121.9203778677465
36,Good,match,word_first,437.8421052631579,65.97072500443088,4352.136557610242
36,Good,mismatch,image_first,539.3055555555555,84.30550547839835,7107.418253968254
36,Good,mismatch,simultaneous,658.9428571428572,159.41952475763307,25414.58487394958
36,Good,mismatch,word_first,500.7105263157895,72.53923743246183,5261.9409672830725
36,Neutral,match,image_first,487.43589743589746,62.29547371907481,3880.7260458839405
36,Neutral,match,simultaneous,614,123.34438713552326,15213.837837837838
36,Neutral,match,word_first,485.10526315789474,86.48973989257705,7480.475106685633
36,Neutral,mismatch,image_first,526.078947368421,101.5694095198617,10316.344950213372
36,Neutral,mismatch,simultaneous,624,132.37646849710376,17523.529411764706
36,Neutral,mismatch,word_first,508.53846153846155,54.95205860510843,3019.728744939271
37,Bad,match,image_first,822.4375,142.69297912063712,20361.28629032258
37,Bad,match,simultaneous,770.7179487179487,110.19526895899237,12142.99730094467
37,Bad,match,word_first,635.1578947368421,82.73289038952306,6844.731152204837
37,Bad,mismatch,image_first,822.3529411764706,153.5512711437949,23577.992869875223
37,Bad,mismatch,simultaneous,857.5641025641025,101.07417674054376,10215.989203778678
37,Bad,mismatch,word_first,734.6666666666666,107.11290976626717,11473.17543859649
37,Good,match,image_first,643.45,110.044734493494,12109.84358974359
37,Good,match,simultaneous,738.975,73.87844746609122,5458.025
37,Good,match,word_first,667,122.3307435226763,14964.81081081081
37,Good,mismatch,image_first,804.15625,117.60516484571201,13830.974798387097
37,Good,mismatch,simultaneous,846.8484848484849,80.63735223677409,6502.382575757576
37,Good,mismatch,word_first,711.3235294117648,126.43904282618617,15986.831550802139
37,Neutral,match,image_first,798.4333333333333,123.08720859431426,15150.46091954023
37,Neutral,match,simultaneous,844.4444444444445,124.99678726030052,15624.196825396826
37,Neutral,match,word_first,728.9166666666666,102.0253119853808,10409.164285714285
37,Neutral,mismatch,image_first,811,126.77658707467648,16072.30303030303
37,Neutral,mismatch,simultaneous,888.7368421052631,119.03682923399171,14169.766714082503
37,Neutral,mismatch,word_first,722.6756756756756,88.74841283527712,7876.28078078078
38,Bad,match,image_first,749.2222222222222,176.48393065029398,31146.577777777777
38,Bad,match,simultaneous,959.4324324324324,155.7889492123774,24270.196696696697
38,Bad,match,word_first,799.6388888888889,209.68958728528466,43969.723015873016
38,Bad,mismatch,image_first,788.5945945945946,211.84460492690542,44878.136636636635
38,Bad,mismatch,simultaneous,899.3636363636364,190.07511971945104,36128.55113636364
38,Bad,mismatch,word_first,742.35,162.67342619415007,26462.64358974359
38,Good,match,image_first,814.8888888888889,217.7455628910269,47413.13015873016
38,Good,match,simultaneous,963.71875,257.646949535287,66381.95060483871
38,Good,match,word_first,755.8285714285714,198.6574772751102,39464.79327731093
38,Good,mismatch,image_first,885.8055555555555,248.96790607218486,61985.01825396826
38,Good,mismatch,simultaneous,930.6,198.90174320069661,39561.903448275865
38,Good,mismatch,word_first,814.9714285714285,264.56506880208525,69994.6756302521
38,Neutral,match,image_first,814.025641025641,260.0112838826208,67605.8677462888
38,Neutral,match,simultaneous,936.1944444444445,171.21495586283083,29314.56111111111
38,Neutral,match,word_first,819.875,196.88653192032436,38764.3064516129
38,Neutral,mismatch,image_first,779.8378378378378,193.73528811721903,37533.361861861864
38,Neutral,mismatch,simultaneous,997.0588235294117,197.56440318193603,39031.69340463458
38,Neutral,mismatch,word_first,754.3684210526316,197.94995559929754,39184.18492176387
39,Bad,match,image_first,909.3636363636364,215.0572333969812,46249.61363636364
39,Bad,match,simultaneous,1031.4444444444443,243.49653817367528,59290.5641025641
39,Bad,match,word_first,784.75,215.53818612352512,46456.709677419356
39,Bad,mismatch,image_first,894.3225806451613,191.20275226345012,36558.49247311828
39,Bad,mismatch,simultaneous,1012.1785714285714,257.419106829401,66264.59656084656
39,Bad,mismatch,word_first,761.8214285714286,181.23691341188965,32846.81878306878
39,Good,match,image_first,672.7368421052631,212.45548776543777,45137.33428165007
39,Good,match,simultaneous,858.3666666666667,203.53081327902905,41424.791954022985
39,Good,match,word_first,658.4736842105264,171.9927303369606,29581.499288762447
39,Good,mismatch,image_first,825.6285714285714,124.29118697503804,15448.299159663866
39,Good,mismatch,simultaneous,1016.9130434782609,202.66562543072098,41073.355731225296
39,Good,mismatch,word_first,780.0344827586207,159.06231545229164,25300.820197044333
39,Neutral,match,image_first,785.9354838709677,185.66474005293716,34471.39569892473
39,Neutral,match,simultaneous,1016.2222222222222,251.93522873374454,63471.359477124184
39,Neutral,match,word_first,734.4,185.98801352901907,34591.541176470586
39,Neutral,mismatch,image_first,917.6333333333333,257.28482584325764,66195.4816091954
39,Neutral,mismatch,simultaneous,970.3461538461538,207.7812199998243,43173.03538461538
39,Neutral,mismatch,word_first,828.2777777777778,179.7077963347502,32294.892063492065
40,Bad,match,image_first,671.71875,154.01638672242723,23721.047379032258
40,Bad,match,simultaneous,778.5625,126.24347635652563,15937.415322580646
40,Bad,match,word_first,677.551724137931,165.0983659620826,27257.470443349754
40,Bad,mismatch,image_first,703.6486486486486,173.8243392074335,30214.900900900902
40,Bad,mismatch,simultaneous,760.3783783783783,105.02601565309409,11030.463963963964
40,Bad,mismatch,word_first,659.4571428571429,151.91490320283276,23078.13781512605
40,Good,match,image_first,561.675,124.35131941811329,15463.250641025641
40,Good,match,simultaneous,705,111.53819628615675,12440.76923076923
40,Good,match,word_first,658.3589743589744,97.33731019919912,9474.551956815114
40,Good,mismatch,image_first,648.3947368421053,138.72362948306935,19244.245376955903
40,Good,mismatch,simultaneous,740.3076923076923,103.67513883740627,10748.534412955465
40,Good,mismatch,word_first,658.3513513513514,162.8663760770051,26525.456456456457
40,Neutral,match,image_first,641.4594594594595,114.26470111947049,13056.421921921921
40,Neutral,match,simultaneous,737.2222222222222,127.03342892125704,16137.492063492064
40,Neutral,match,word_first,666.3333333333334,134.11679345150736,17987.314285714285
40,Neutral,mismatch,image_first,670.325,146.36683586463718,21423.250641025643
40,Neutral,mismatch,simultaneous,759.5384615384615,104.82538015140531,10988.36032388664
40,Neutral,mismatch,word_first,648.5897435897435,92.18822791290651,8498.669365721997
